{
    "name": "divTreemap",
    "title": "jQuery Div Treemap",
    "description": "A simple jQuery plugin to create a tree map view of json data based on div for easy customization.",
    "keywords": [
        "treemap",
        "datavizualization",
        "squarified"
    ],
    "version": "1.1.0",
    "author": {
        "name": "Lucas Rosa Galego",
        "email": "lrgalego@gmail.com",
        "url": "https://github.com/lrgalego"
    },
    "maintainers": [
        {
            "name": "Lucas Rosa Galego",
            "email": "lrgalego@gmail.com",
            "url": "http://lucasgalego.com"
        }
    ],
    "licenses": [
        {
            "type": "MIT",
            "url": "https://github.com/jquery/jquery-color/blob/2.1.2/MIT-LICENSE.txt"
        }
    ],
    "bugs": "https://github.com/lrgalego/jquery-treemap/issues",
    "homepage": "https://github.com/lrgalego/jquery-treemap",
    "docs": "https://github.com/lrgalego/jquery-treemap",
    "download": "https://github.com/lrgalego/jquery-treemap",
    "dependencies": {
        "jquery": ">=1.5"
    }
}
