{
    "id": "root",
    "children": [
        {
            "color": [
                0.2007574227483907,
                0.6479852814159601,
                0.39957350726079177,
                0.06381022733516595
            ],
            "children": [
                {
                    "color": [
                        0.9244849007457184,
                        0.6247894486203208,
                        0.854218522760728,
                        0.6444972252996576
                    ],
                    "id": "86819496",
                    "size": [
                        0.030235394328547282,
                        0.10360593722805732,
                        0.10951380576756416,
                        0.23683919197811829
                    ]
                },
                {
                    "color": [
                        0.1294655323337408,
                        0.23118440513861704,
                        0.7176711617881167,
                        0.7814435719474543
                    ],
                    "id": "12f6da51",
                    "size": [
                        0.08491398396341986,
                        0.1379216149434028,
                        0.025021849994310588,
                        0.061257848384145386
                    ]
                },
                {
                    "color": [
                        0.9114591413680468,
                        0.7413614515424369,
                        0.725421518848355,
                        0.6375539695732862
                    ],
                    "id": "b8c3ca75",
                    "size": [
                        0.12882942378921008,
                        0.25961159686179214,
                        0.2746761821551131,
                        0.11862441148802834
                    ]
                },
                {
                    "color": [
                        0.729023943509855,
                        0.6354087402117243,
                        0.2920098762252721,
                        0.48559919596657486
                    ],
                    "id": "fe5f1fb8",
                    "size": [
                        0.22609512413653715,
                        0.27956547034732737,
                        0.022563924165736784,
                        0.0859225232073058
                    ]
                },
                {
                    "color": [
                        0.7204207929029209,
                        0.7118720200124952,
                        0.13561976530077713,
                        0.4950680060346725
                    ],
                    "id": "8aa9aff9",
                    "size": [
                        0.2837778456816378,
                        0.11951938433837556,
                        0.2262224477513435,
                        0.15250765414971135
                    ]
                },
                {
                    "color": [
                        0.8818222997811385,
                        0.6929394642436387,
                        0.20903410295077207,
                        0.36571313326574795
                    ],
                    "id": "c93f62de",
                    "size": [
                        0.058203252037784495,
                        0.053415144734149496,
                        0.18734895188791523,
                        0.31598757915427983
                    ]
                },
                {
                    "color": [
                        0.10300115769772589,
                        0.2572348737662188,
                        0.5763081186164251,
                        0.9354755784318689
                    ],
                    "id": "40a457e6",
                    "size": [
                        0.18794497606286348,
                        0.04636085154689516,
                        0.1546528382780167,
                        0.028860791638410876
                    ]
                }
            ],
            "id": "daaca4c7",
            "size": [
                0.019317705217298815,
                0.21237815903569926,
                0.2822516921134324,
                0.16365450022036487
            ]
        },
        {
            "color": [
                0.29620240796429975,
                0.9518902903996824,
                0.7127613302772048,
                0.07165912800999874
            ],
            "children": [
                {
                    "color": [
                        0.36792430799426135,
                        0.4868377575497522,
                        0.6477144422217536,
                        0.9388470982571412
                    ],
                    "id": "5c9b6888",
                    "size": [
                        0.1064167771527159,
                        0.004638289962905141,
                        0.13140298102118378,
                        0.12786607993223606
                    ]
                },
                {
                    "color": [
                        0.28744627310632065,
                        0.6031843977159068,
                        0.6056824059083236,
                        0.3884001283817471
                    ],
                    "id": "61c7f9c5",
                    "size": [
                        0.21730742274548565,
                        0.2356817990351414,
                        0.1343280157199093,
                        0.20229152748191848
                    ]
                },
                {
                    "color": [
                        0.8536401559430843,
                        0.6075381709776607,
                        0.6833144573143614,
                        0.65643620109681
                    ],
                    "id": "de167535",
                    "size": [
                        0.11552491469297081,
                        0.1756434146510263,
                        0.1759966585757916,
                        0.07681276151040997
                    ]
                },
                {
                    "color": [
                        0.7070369110514012,
                        0.3818706083494403,
                        0.3811912566800456,
                        0.5650305969073992
                    ],
                    "id": "542905c4",
                    "size": [
                        0.1881182342218003,
                        0.04085749021874487,
                        0.05747531851761104,
                        0.229295487324006
                    ]
                },
                {
                    "color": [
                        0.0978443703214581,
                        0.4362888285967338,
                        0.4494289201047885,
                        0.5042327532661813
                    ],
                    "id": "51bb0be8",
                    "size": [
                        0.11748106857835751,
                        0.08141648395256132,
                        0.23032380366686198,
                        0.1990141940302959
                    ]
                },
                {
                    "color": [
                        0.8135607801771272,
                        0.20808922546854247,
                        0.931492893871651,
                        0.6370520946825661
                    ],
                    "id": "fb8e0688",
                    "size": [
                        0.08016721444546467,
                        0.3003837840469471,
                        0.20029633100133776,
                        0.146991881963082
                    ]
                },
                {
                    "color": [
                        0.34253099222435635,
                        0.486349264418223,
                        0.980800186026221,
                        0.3556717532756001
                    ],
                    "id": "7a41db13",
                    "size": [
                        0.17498436816320537,
                        0.16137873813267392,
                        0.07017689149730454,
                        0.01772806775805153
                    ]
                }
            ],
            "id": "ad7d50b8",
            "size": [
                0.031850360004724944,
                0.2084909569109825,
                0.2722927976128731,
                0.11886754350943449
            ]
        },
        {
            "color": [
                0.725003207236001,
                0.18592846907354177,
                0.2768188452308601,
                0.9774756730564841
            ],
            "children": [
                {
                    "color": [
                        0.39285475222739885,
                        0.9849285639880774,
                        0.22972548563442108,
                        0.17856205673883685
                    ],
                    "id": "4628b82b",
                    "size": [
                        0.09452662014027684,
                        0.1777277369618487,
                        0.16164364556603572,
                        0.09010362389823315
                    ]
                },
                {
                    "color": [
                        0.17535738261657308,
                        0.36067498120893593,
                        0.8084536463439376,
                        0.6565546252306745
                    ],
                    "id": "9551d4aa",
                    "size": [
                        0.11089787088710235,
                        0.13852169625853428,
                        0.17195547970048183,
                        0.1640517764240647
                    ]
                },
                {
                    "color": [
                        0.09329600337419519,
                        0.5520969240285897,
                        0.5520448193129667,
                        0.8511896307671643
                    ],
                    "id": "bf6d52cb",
                    "size": [
                        0.22422881776980383,
                        0.23407524585759518,
                        0.1510331614996908,
                        0.0862189090284183
                    ]
                },
                {
                    "color": [
                        0.3091777577554623,
                        0.5018456556581533,
                        0.5768938396586856,
                        0.3710574316666282
                    ],
                    "id": "c1e10ed2",
                    "size": [
                        0.006429680257976348,
                        0.22237423694226865,
                        0.15611451427687978,
                        0.1493444047856054
                    ]
                },
                {
                    "color": [
                        0.7484500506233357,
                        0.28542045267856964,
                        0.598223843010573,
                        0.5386864526440589
                    ],
                    "id": "8b4a30d6",
                    "size": [
                        0.10596916362170926,
                        0.04370062491914311,
                        0.11750814348943918,
                        0.2250414586616054
                    ]
                },
                {
                    "color": [
                        0.45043496531905214,
                        0.9346546207304971,
                        0.8599950129625934,
                        0.4898463665463312
                    ],
                    "id": "838006ee",
                    "size": [
                        0.24451165341047004,
                        0.07469464717431053,
                        0.13540478006492584,
                        0.12156539665203037
                    ]
                },
                {
                    "color": [
                        0.3585763499289366,
                        0.6393662816319403,
                        0.07111456440374742,
                        0.16019409565073028
                    ],
                    "id": "3ede733c",
                    "size": [
                        0.21343619391266136,
                        0.10890581188629954,
                        0.10634027540254702,
                        0.16367443055004272
                    ]
                }
            ],
            "id": "a1fad1ce",
            "size": [
                0.2577002398185392,
                0.14723807744012274,
                0.10531976671144672,
                0.1451279804070678
            ]
        },
        {
            "color": [
                0.2912353197650027,
                0.12143581115854152,
                0.7733478207344912,
                0.5189886071117731
            ],
            "children": [
                {
                    "color": [
                        0.16442205708228685,
                        0.14638225221660628,
                        0.8083955890427225,
                        0.3648335208546504
                    ],
                    "id": "540e703b",
                    "size": [
                        0.2707281953303575,
                        0.12343797500075523,
                        0.20834965714945472,
                        0.21891798796056486
                    ]
                },
                {
                    "color": [
                        0.1893534427904653,
                        0.9024404119492013,
                        0.2186928556790757,
                        0.39367635392318656
                    ],
                    "id": "308f45e4",
                    "size": [
                        0.006694199325002642,
                        0.11122169253036342,
                        0.21244975674761252,
                        0.012162480470755034
                    ]
                },
                {
                    "color": [
                        0.9566914435914534,
                        0.517074049578353,
                        0.5657026485324861,
                        0.8947999724269857
                    ],
                    "id": "1d5742f6",
                    "size": [
                        0.12587037317631905,
                        0.1014557694344212,
                        0.024955566800997715,
                        0.0227433008757922
                    ]
                },
                {
                    "color": [
                        0.5639553071888805,
                        0.6612798238297438,
                        0.5529673589615116,
                        0.007220493346282275
                    ],
                    "id": "75559ecb",
                    "size": [
                        0.14955203716930776,
                        0.22337721625011434,
                        0.250093979755356,
                        0.14550360422058736
                    ]
                },
                {
                    "color": [
                        0.8291177313410854,
                        0.7002450408977929,
                        0.4359429603494207,
                        0.7278770664906934
                    ],
                    "id": "702229b1",
                    "size": [
                        0.04067194529622992,
                        0.13951883452658678,
                        0.21768018670078174,
                        0.18537878650219006
                    ]
                },
                {
                    "color": [
                        0.9517417983383377,
                        0.2875572121059965,
                        0.9852303646189299,
                        0.9428023664616988
                    ],
                    "id": "5ffff96f",
                    "size": [
                        0.08218623132413938,
                        0.2089851863449795,
                        0.06988099753694699,
                        0.25539318934881694
                    ]
                },
                {
                    "color": [
                        0.4156484430383276,
                        0.15665890607910127,
                        2.5550871944890474e-05,
                        0.31847310098375003
                    ],
                    "id": "3bb2c089",
                    "size": [
                        0.3242970183786438,
                        0.09200332591277954,
                        0.016589855308850356,
                        0.1599006506212935
                    ]
                }
            ],
            "id": "b17ddac9",
            "size": [
                0.09003394933962833,
                0.22564567243384945,
                0.004691571863065611,
                0.17093097363221452
            ]
        },
        {
            "color": [
                0.6193145575563906,
                0.11518757900747811,
                0.1498091183882816,
                0.03344501286286117
            ],
            "children": [
                {
                    "color": [
                        0.867186882142665,
                        0.25391926004401233,
                        0.1474602702637352,
                        0.6410112762339101
                    ],
                    "id": "b2a17e97",
                    "size": [
                        0.359643720415529,
                        0.1603581758020043,
                        0.15172738084049409,
                        0.22741806187300492
                    ]
                },
                {
                    "color": [
                        0.5704446978040482,
                        0.024536455932277934,
                        0.9246822215308682,
                        0.6280800729996956
                    ],
                    "id": "76249416",
                    "size": [
                        0.0014022608124686772,
                        0.11913924755906896,
                        0.0700457928380865,
                        0.004151284357855981
                    ]
                },
                {
                    "color": [
                        0.9388676222021419,
                        0.6862322334262954,
                        0.048226414362272374,
                        0.2855945379192548
                    ],
                    "id": "da70a6be",
                    "size": [
                        0.05682563429635719,
                        0.03173163535797525,
                        0.152046464582905,
                        0.22747741857245582
                    ]
                },
                {
                    "color": [
                        0.34744422265349817,
                        0.06661670352154192,
                        0.1846798460293484,
                        0.8559442673832739
                    ],
                    "id": "cb0897f3",
                    "size": [
                        0.3480704422046433,
                        0.2007046489778655,
                        0.02413253492344754,
                        0.22875027900281056
                    ]
                },
                {
                    "color": [
                        0.38661191419477425,
                        0.7607986068913131,
                        0.5426222661700987,
                        0.759870203954014
                    ],
                    "id": "a60daa2a",
                    "size": [
                        0.021344392693987496,
                        0.14719344455109756,
                        0.07490396550920793,
                        0.14897019142235
                    ]
                },
                {
                    "color": [
                        0.34632291053736297,
                        0.7844458603172748,
                        0.02907931750467241,
                        0.6805816448097215
                    ],
                    "id": "43990260",
                    "size": [
                        0.057927276550981656,
                        0.1829450963602825,
                        0.23499165402042294,
                        0.15086893444721616
                    ]
                },
                {
                    "color": [
                        0.05176240767843254,
                        0.8274311441430559,
                        0.25603447609480257,
                        0.24068956162996913
                    ],
                    "id": "51813b54",
                    "size": [
                        0.15478627302603257,
                        0.15792775139170606,
                        0.292152207285436,
                        0.0123638303243066
                    ]
                }
            ],
            "id": "f4890c71",
            "size": [
                0.279481562686696,
                0.10227838616138397,
                0.2603599217819102,
                0.1695722838684478
            ]
        },
        {
            "color": [
                0.7076508093477535,
                0.8060203087782476,
                0.4666551759667662,
                0.10111461850695957
            ],
            "children": [
                {
                    "color": [
                        0.11684218420360759,
                        0.9287891124785697,
                        0.709522219841679,
                        0.6954966836966183
                    ],
                    "id": "5ab14f79",
                    "size": [
                        0.11661551986796766,
                        0.1911299969575464,
                        0.15102333382289593,
                        0.044101447346225627
                    ]
                },
                {
                    "color": [
                        0.3949554861024135,
                        0.7097394077916682,
                        0.9068117684419372,
                        0.11138415677839897
                    ],
                    "id": "5a62a06d",
                    "size": [
                        0.07383568556902935,
                        0.17109892287893938,
                        0.08395517855843003,
                        0.32254961568336077
                    ]
                },
                {
                    "color": [
                        0.07657045913706328,
                        0.927183729659029,
                        0.40443864578527,
                        0.9971427182010985
                    ],
                    "id": "2ff04181",
                    "size": [
                        0.1458532267815516,
                        0.06975068120003065,
                        0.2778402100834199,
                        0.21808277487443076
                    ]
                },
                {
                    "color": [
                        0.3574907766833638,
                        0.13209442481914635,
                        0.3176518637754624,
                        0.5590834360414707
                    ],
                    "id": "47a7abf0",
                    "size": [
                        0.16661534525496025,
                        0.19735950307733627,
                        0.0649716284765966,
                        0.19797878315384018
                    ]
                },
                {
                    "color": [
                        0.918462448537067,
                        0.8349086736029864,
                        0.5598672947612381,
                        0.7452260793215191
                    ],
                    "id": "70385dba",
                    "size": [
                        0.26216203572827296,
                        0.14015933946687234,
                        0.06801065764448928,
                        0.015677132099652467
                    ]
                },
                {
                    "color": [
                        0.3248875946815113,
                        0.9426470688609305,
                        0.6243680389700847,
                        0.1596422447620892
                    ],
                    "id": "15babc01",
                    "size": [
                        0.22462486483253438,
                        0.18564863983772073,
                        0.29539053221547806,
                        0.17208994125176397
                    ]
                },
                {
                    "color": [
                        0.9057111382173318,
                        0.99912588903368,
                        0.05340052552199248,
                        0.8327066435474462
                    ],
                    "id": "c01a384f",
                    "size": [
                        0.010293321965683867,
                        0.044852916581554055,
                        0.058808459198690204,
                        0.02952030559072604
                    ]
                }
            ],
            "id": "41751399",
            "size": [
                0.15657890183412562,
                0.0336048000456575,
                0.033275154142747634,
                0.10155279450985064
            ]
        },
        {
            "color": [
                0.45787441340530965,
                0.11543231337758164,
                0.523068391871797,
                0.47858878856567244
            ],
            "children": [
                {
                    "color": [
                        0.06972697965681518,
                        0.2419945837494405,
                        0.7137154490807022,
                        0.5184388158301121
                    ],
                    "id": "6618f258",
                    "size": [
                        0.13407778343589355,
                        0.23315265775697752,
                        0.25948763652547047,
                        0.17262696605845457
                    ]
                },
                {
                    "color": [
                        0.8959181794388786,
                        0.149267038920727,
                        0.5898762962309951,
                        0.8876010270789481
                    ],
                    "id": "7e2f35d2",
                    "size": [
                        0.12322559456665058,
                        0.03671268403798601,
                        0.03516024788819381,
                        0.1279378607466727
                    ]
                },
                {
                    "color": [
                        0.10950181390390024,
                        0.5628471428021764,
                        0.22488825107567212,
                        0.25940248713881076
                    ],
                    "id": "2b98db9c",
                    "size": [
                        0.10258888352918326,
                        0.1716343078807877,
                        0.006550852452702334,
                        0.1491233126694893
                    ]
                },
                {
                    "color": [
                        0.6792177433967647,
                        0.12592970453790286,
                        0.6654111450081172,
                        0.9539544864806739
                    ],
                    "id": "51d31010",
                    "size": [
                        0.1795990149873864,
                        0.0386414320403163,
                        0.12690720122214172,
                        0.14166813737323672
                    ]
                },
                {
                    "color": [
                        0.9584815594047617,
                        0.6240210750416236,
                        0.6760890962871928,
                        0.9483118414751575
                    ],
                    "id": "2aabd388",
                    "size": [
                        0.17492983034645607,
                        0.22329050214052062,
                        0.04872319403123226,
                        0.026395924996787425
                    ]
                },
                {
                    "color": [
                        0.591268276658663,
                        0.8343293220540751,
                        0.7191865122027218,
                        0.1286908942810061
                    ],
                    "id": "2d66a88d",
                    "size": [
                        0.15338462233909025,
                        0.13697331873283158,
                        0.2757844650838399,
                        0.17509021766588662
                    ]
                },
                {
                    "color": [
                        0.35454744619696843,
                        0.16863264093054575,
                        0.47664398366554717,
                        0.0969530406836272
                    ],
                    "id": "64230e73",
                    "size": [
                        0.1321942707953399,
                        0.1595950974105801,
                        0.24738640279641946,
                        0.20715758048947272
                    ]
                }
            ],
            "id": "fd940392",
            "size": [
                0.16503728109898705,
                0.07036394797230465,
                0.04180909577452433,
                0.1302939238526197
            ]
        }
    ]
}
